<?xml version="1.0" encoding="UTF-8"?>
<project-private xmlns="http://www.netbeans.org/ns/project-private/1">
    <editor-bookmarks xmlns="http://www.netbeans.org/ns/editor-bookmarks/2" lastBookmarkId="0"/>
    <open-files xmlns="http://www.netbeans.org/ns/projectui-open-files/2">
        <group>
            <file>file:/C:/Users/OEM/Desktop/Assignment%20(15Nov-11.12am)/src/assignment/search/ProductNameLists.java</file>
            <file>file:/C:/Users/OEM/Desktop/Assignment%20(15Nov-11.12am)/src/assignment/search/ProductList.java</file>
            <file>file:/C:/Users/OEM/Desktop/Assignment%20(15Nov-11.12am)/src/assignment/search/ProductADT.java</file>
            <file>file:/C:/Users/OEM/Desktop/Assignment%20(15Nov-11.12am)/src/assignment/search/UserInterface.java</file>
            <file>file:/C:/Users/OEM/Desktop/Assignment%20(15Nov-11.12am)/src/assignment/search/UserDatabase.java</file>
            <file>file:/C:/Users/OEM/Desktop/Assignment%20(15Nov-11.12am)/src/assignment/search/Login.java</file>
        </group>
    </open-files>
</project-private>
