<?xml version="1.0" encoding="UTF-8"?>
<project-private xmlns="http://www.netbeans.org/ns/project-private/1">
    <editor-bookmarks xmlns="http://www.netbeans.org/ns/editor-bookmarks/2" lastBookmarkId="0"/>
    <open-files xmlns="http://www.netbeans.org/ns/projectui-open-files/2">
        <group>
            <file>file:/C:/Users/OEM/Desktop/Assignment%20(25Nov%2012.09pm)/src/assignment/search/AddProductUI.java</file>
            <file>file:/C:/Users/OEM/Desktop/Assignment%20(25Nov%2012.09pm)/src/assignment/search/ProductListUI.java</file>
        </group>
    </open-files>
</project-private>
